,,,,,,
https://instagram.com/carolynquan.design,,,,,,
https://instagram.com/elka_textiles,,,,,,
https://instagram.com/Kicki.fjell,,,,,,
https://instagram.com/lydiahilldesigns,,,,,,
https://instagram.com/azul.pipita,,,,,,
https://instagram.com/vonikdesign,,,,,,
https://instagram.com/option_ink,,,,,,
https://instagram.com/julzclementine,,,,,,
https://instagram.com/_advitiya,,,,,,
https://instagram.com/tara_creighton_,,,,,,
https://instagram.com/pamcaseyart,,,,,,
https://instagram.com/Miamdesign,,,,,,
https://instagram.com/stephanie_langevin,,,,,,
https://instagram.com/andreaalice.nz,,,,,,
https://instagram.com/ahlbergdesign,,,,,,
https://instagram.com/solleyfiona,,,,,,
https://instagram.com/Arkkyanindita,,,,,,
https://instagram.com/macichini,,,,,,
https://instagram.com/_vivdesign,,,,,,
https://instagram.com/michael_zindell_designs,,,,,,
https://instagram.com/jwillustrationshop,,,,,,
https://instagram.com/nikkitacohoon,,,,,,
https://instagram.com/ellenaprints,,,,,,
https://instagram.com/flyingwall,,,,,,
https://instagram.com/Anelise_design,,,,,,
https://instagram.com/mandalabyvaishnavi,,,,,,
https://instagram.com/annatrelivingdesign,,,,,,
https://instagram.com/damppstudio,,,,,,
https://instagram.com/stixylin,,,,,,
https://instagram.com/Shana_hafiz01,,,,,,
https://instagram.com/rachelheatherlee,,,,,,
https://instagram.com/gulaynoora,,,,,,
https://instagram.com/kseniia_pirovskikh,,,,,,
https://instagram.com/gailmpearce,,,,,,
https://instagram.com/josephinewalzdesign,,,,,,
https://instagram.com/giorginisss,,,,,,
https://instagram.com/aifosznub,,,,,,
https://instagram.com/giuliamorandindesign,,,,,,
https://instagram.com/clairesweetdesigns_uk,,,,,,
https://instagram.com/gerdiaz.designer,,,,,,
https://instagram.com/hello_matze_illustrations,,,,,,
https://instagram.com/marushabelle,,,,,,
https://instagram.com/lisa_weeillustrator,,,,,,
https://instagram.com/danaduricekova,,,,,,
https://instagram.com/rousehousedesign,,,,,,
https://instagram.com/rabbittownart,,,,,,
https://instagram.com/bysilviaclara,,,,,,
https://instagram.com/fraichedesign,,,,,,
https://instagram.com/lorenaruizillustration,,,,,,
https://instagram.com/pooja_jeshang_illustrations,,,,,,
https://instagram.com/s_u_p_e_r_f_l_u_o,,,,,,
https://instagram.com/mikka.sole,,,,,,
https://instagram.com/mattsirach,,,,,,
https://instagram.com/good.motif,,,,,,
https://instagram.com/iammai.art,,,,,,
https://instagram.com/yesoya_,,,,,,
https://instagram.com/teri_the_butter,,,,,,
https://instagram.com/den____studios,,,,,,
https://instagram.com/andrealeonelli_illustrations,,,,,,
https://instagram.com/aliceemilytextiles,,,,,,
https://instagram.com/tizicav.official,,,,,,
https://instagram.com/Indira_Budh_Atelier,,,,,,
https://instagram.com/imrikstudio,,,,,,
https://instagram.com/angelanaomidesign,,,,,,
https://instagram.com/prettyprismatic,,,,,,
https://instagram.com/Mushydoodle,,,,,,
https://instagram.com/arinas_patterns,,,,,,
https://instagram.com/thegraphicpatternstudio,,,,,,
https://instagram.com/njie.design,,,,,,
https://instagram.com/yuyasutake,,,,,,
https://instagram.com/katie_oshea_design,,,,,,
https://instagram.com/atelier.moeli,,,,,,
https://instagram.com/craftifairy,,,,,,
https://instagram.com/eliveradesigns,,,,,,
https://instagram.com/mariuletela,,,,,,
https://instagram.com/gerlacta,,,,,,
https://instagram.com/savannarawson,,,,,,
https://instagram.com/jacqueline_cuperus,,,,,,
https://instagram.com/Baptistevirgile,,,,,,
https://instagram.com/irynamushkarova,,,,,,
https://instagram.com/myinspirationland,,,,,,
https://instagram.com/printsbynicole,,,,,,
https://instagram.com/terriconraddesigns,,,,,,
https://instagram.com/alloveru_by_gretacapelli,,,,,,
https://instagram.com/dagdej,,,,,,
https://instagram.com/kisso_textile.pattern.design,,,,,,
https://instagram.com/oyeah_studio,,,,,,
https://instagram.com/sister_sumac,,,,,,
https://instagram.com/Alchemiqa,,,,,,
https://instagram.com/studioraquelucena,,,,,,
https://instagram.com/veropetrina.arte,,,,,,
https://instagram.com/sil.vanilla,,,,,,
https://instagram.com/seel.illustrations,,,,,,
https://instagram.com/moniquilla_oficial,,,,,,
https://instagram.com/studio.sun.shine,,,,,,
https://instagram.com/kristinknych,,,,,,
https://instagram.com/tawnmoore,,,,,,
https://instagram.com/Jlabre,,,,,,
https://instagram.com/tina.type,,,,,,
https://instagram.com/hellolauraortiz,,,,,,
https://instagram.com/michal.gorelick.design,,,,,,
https://instagram.com/azadeh.illustrations,,,,,,
https://instagram.com/Gkstudiodesigns,,,,,,
https://instagram.com/nancyluthratextiles,,,,,,
https://instagram.com/Malikabuttinger,,,,,,
https://instagram.com/gingiberi_studios,,,,,,
https://instagram.com/janetbanksdesign,,,,,,
https://instagram.com/felicitas.prints,,,,,,
https://instagram.com/kate_naturart,,,,,,
https://instagram.com/Artbygirija,,,,,,
https://instagram.com/beluruiztex,,,,,,
https://instagram.com/illonitta,,,,,,
https://instagram.com/birdandblossom,,,,,,
https://instagram.com/50S_vintage_dame,,,,,,
https://instagram.com/mjmstudio,,,,,,
https://instagram.com/melissa.r.design,,,,,,
https://instagram.com/ellen_van_engelen,,,,,,
https://instagram.com/pffpics,,,,,,
https://instagram.com/melaniemilesdesign,,,,,,
https://instagram.com/ivylemonstudio,,,,,,
https://instagram.com/Alexandradouglasdesigns,,,,,,
https://instagram.com/milenabarbalinardo,,,,,,
https://instagram.com/Karenprince69,,,,,,
https://instagram.com/Becoakesdesign,,,,,,
https://instagram.com/bymarcejimenez_a,,,,,,
https://instagram.com/jasmine.kroeze,,,,,,
https://instagram.com/ksushastolenpencil,,,,,,
https://instagram.com/lanecia_prints,,,,,,
https://instagram.com/saniya.designs,,,,,,
https://instagram.com/emmalawrencepeattie,,,,,,
https://instagram.com/melismizprints,,,,,,
https://instagram.com/lizadesignco,,,,,,
https://instagram.com/annah.design,,,,,,
https://instagram.com/colar.prints,,,,,,
https://instagram.com/ninaifreitas,,,,,,
https://instagram.com/thepatternlane,,,,,,
https://instagram.com/urban_pottery,,,,,,
https://instagram.com/studiojoanamattos,,,,,,
https://instagram.com/carrieneelydesign myrtleandmary,,,,,,
https://instagram.com/izziepaschoal,,,,,,
https://instagram.com/julieclay7,,,,,,
https://instagram.com/Legato.printstudio,,,,,,
https://instagram.com/megkohl,,,,,,
https://instagram.com/ella_blomfield_textiles,,,,,,
https://instagram.com/al_kovalyova_design,,,,,,
https://instagram.com/aamorimmaria/,,,,,,
https://instagram.com/the.printed.square.studio,,,,,,
https://instagram.com/j.anlee,,,,,,
https://instagram.com/paint.to.paper.designs,,,,,,
https://instagram.com/mangoflamingostudio,,,,,,
https://instagram.com/gemmalofthousedesigns,,,,,,
https://instagram.com/matea.stare,,,,,,
https://instagram.com/abigailpymerstudio,,,,,,
https://instagram.com/Rebecca.reck.art,,,,,,
https://instagram.com/mitalimdesigns,,,,,,
https://instagram.com/quirk_you_up,,,,,,
https://instagram.com/mahua_kaith,,,,,,
https://instagram.com/vinitaupadhyadesigns,,,,,,
https://instagram.com/maycartprintart,,,,,,
https://instagram.com/alexanderadiels,,,,,,
https://instagram.com/Kateclayillustration,,,,,,
https://instagram.com/Kavya.yadav.art,,,,,,
https://instagram.com/full.mistica,,,,,,
https://instagram.com/Alchemiqa,,,,,,
https://instagram.com/Uniquecreationsbynirali,,,,,,
https://instagram.com/Deya.studio,,,,,,
https://instagram.com/irynamushkarova,,,,,,
https://instagram.com/wigglesignalstudio,,,,,,
https://instagram.com/miranda_ilustraciones,,,,,,
https://instagram.com/Ca.la.studio,,,,,,
https://instagram.com/ninoladesign,,,,,,
https://instagram.com/cbxprintstudio,,,,,,
https://instagram.com/bruxa_magica,,,,,,
https://instagram.com/karen.menzenbach,,,,,,
https://instagram.com/finchleydesigns,,,,,,
https://instagram.com/adaptationsdesigns,,,,,,
https://instagram.com/Organicshapedesign,,,,,,
https://instagram.com/moreno.naranjo,,,,,,
https://instagram.com/iannybastosdesigns,,,,,,
https://instagram.com/kaprintstudio,,,,,,
https://instagram.com/katkerrart,,,,,,
https://instagram.com/truffle_art_design,,,,,,
https://instagram.com/gigi_villaverde,,,,,,
https://instagram.com/elonalaff,,,,,,
https://instagram.com/longinaphillipsdesigns,,,,,,
https://instagram.com/noragad_art,,,,,,
https://instagram.com/kemijolaosodesign,,,,,,
https://instagram.com/natalie_bee_,,,,,,
https://instagram.com/ambar.violeta.pino,,,,,,
https://instagram.com/Amelia_graham_print,,,,,,
https://instagram.com/debiesn.studio/profilecard,,,,,,
https://instagram.com/checiegirl_creations,,,,,,
https://instagram.com/Oldouz.zargar,,,,,,
https://instagram.com/La_pigmentee,,,,,,
https://instagram.com/almudena_lopez_prints,,,,,,
https://instagram.com/niceandfancy,,,,,,
https://instagram.com/aimancreates,,,,,,
https://instagram.com/julianapaivailustra,,,,,,
https://instagram.com/artbymonicakapur,,,,,,
https://instagram.com/macapatterns,,,,,,
https://instagram.com/alishadestudio,,,,,,
https://instagram.com/melissadonnestudio,,,,,,
https://instagram.com/marsernatextil,,,,,,
https://instagram.com/olisiadesign,,,,,,
https://instagram.com/bwdesignestampa,,,,,,
https://instagram.com/emandink_patternprint,,,,,,
https://instagram.com/deinki_com,,,,,,
https://instagram.com/the_art_booth,,,,,,
https://instagram.com/marinettescolours,,,,,,
https://instagram.com/house__of__may,,,,,,
https://instagram.com/luovaflow,,,,,,
https://instagram.com/emmapallettdesign,,,,,,
https://instagram.com/marinagdesign,,,,,,
https://instagram.com/franki_makes,,,,,,
https://instagram.com/By_juliamiller,,,,,,
https://instagram.com/kahi_designs,,,,,,
https://instagram.com/Anya_pautova.co,,,,,,
https://instagram.com/noemi.siska.design,,,,,,
https://instagram.com/Tamopaname,,,,,,
https://instagram.com/doart.textile,,,,,,
https://instagram.com/colortickle,,,,,,
https://instagram.com/ester_muxune,,,,,,
https://instagram.com/printhestitch,,,,,,
https://instagram.com/by_claudiagastaldo,,,,,,
https://instagram.com/patidavies,,,,,,
https://instagram.com/mirella_pavesi,,,,,,
https://instagram.com/studio_patme,,,,,,
https://instagram.com/katiemoorestudio,,,,,,
https://instagram.com/ainamsnape_print_patterns,,,,,,
https://instagram.com/paolapaganoofficial,,,,,,
https://instagram.com/insvy_designstudio,,,,,,
https://instagram.com/i_nc_n,,,,,,
https://instagram.com/Instagram.com/renee.stramel.art,,,,,,
https://instagram.com/studio_isabellademani,,,,,,
https://instagram.com/Annelyblooms,,,,,,
https://instagram.com/tekla_pecz,,,,,,
https://instagram.com/_marcelopez_,,,,,,
https://instagram.com/verymuchhello,,,,,,
https://instagram.com/Mira_paradies,,,,,,
https://instagram.com/ivanagimenezdesign,,,,,,
https://instagram.com/betticlay,,,,,,
https://instagram.com/daria_mirovova,,,,,,
https://instagram.com/rachel_elizabeth_designs,,,,,,
https://instagram.com/anacavalcante_art,,,,,,
https://instagram.com/iszhennes,,,,,,
https://instagram.com/figandhue,,,,,,
https://instagram.com/Kaynatazharr,,,,,,
https://instagram.com/miris_bunte_modewelt,,,,,,
https://instagram.com/ayesha.designsprint,,,,,,
https://instagram.com/Yemiedwards_surfacedesign,,,,,,
https://instagram.com/gemmastantoncreative,,,,,,
https://instagram.com/silromanodesigns,,,,,,
https://instagram.com/francescamagi_textiledesigner,,,,,,
https://instagram.com/Emiilymanionprint,,,,,,
https://instagram.com/monapatterns,,,,,,
https://instagram.com/_sofiabe,,,,,,
https://instagram.com/adultastudio,,,,,,
https://instagram.com/kenamang.rsa,,,,,,
https://instagram.com/cocorosha_artroom,,,,,,
https://instagram.com/3venii,,,,,,
https://instagram.com/martabunny,,,,,,
https://instagram.com/12amtoday,,,,,,
https://instagram.com/Houseon84th,,,,,,
https://instagram.com/acupofhollie,,,,,,
https://instagram.com/patrona.patrones,,,,,,
https://instagram.com/lucillelee_,,,,,,
https://instagram.com/maxfyzt,,,,,,
https://instagram.com/salmaillustrates,,,,,,
https://instagram.com/archanabhurke,,,,,,
https://instagram.com/ml_illustration,,,,,,
https://instagram.com/ulrikanilheimerdesign,,,,,,
https://instagram.com/cascavel.es,,,,,,
https://instagram.com/wilderhousedesign,,,,,,
https://instagram.com/heather_zhou_,,,,,,
https://instagram.com/jen28nart,,,,,,
https://instagram.com/ania_marta_art,,,,,,
https://instagram.com/liseereedesigns,,,,,,
https://instagram.com/_lulukins_,,,,,,
https://instagram.com//www.instagram.com/lesliegoldstein1,,,,,,
https://instagram.com/ali.wynne.pattern,,,,,,
https://instagram.com/made.by.colu,,,,,,
https://instagram.com/studyope,,,,,,
https://instagram.com/fede.volpato.studio,,,,,,
https://instagram.com/designdniro,,,,,,
https://instagram.com/rohandahotre,,,,,,
https://instagram.com/vivinicolin,,,,,,
https://instagram.com/arranzastasio.irene,,,,,,
https://instagram.com/studio8design.illustration,,,,,,
https://instagram.com/kdunaway.design,,,,,,
https://instagram.com/bcolorido,,,,,,
https://instagram.com/Macluredesigns,,,,,,
https://instagram.com/margaret_clavell_designs,,,,,,
https://instagram.com/jun.shu.create,,,,,,
https://instagram.com/Illustrationkaisakoponen,,,,,,
https://instagram.com/rosalinde.clara,,,,,,
https://instagram.com/leanne.nowell,,,,,,
https://instagram.com/angelicavlachaki,,,,,,
https://instagram.com/Artisticallyleslie,,,,,,
https://instagram.com/angelicagonflo,,,,,,
https://instagram.com/phoebej_design,,,,,,
https://instagram.com/yuliia_bahniuk,,,,,,
https://instagram.com/jesssheptextile_,,,,,,
https://instagram.com/maetextiles,,,,,,
https://instagram.com/francesca.graphiclab,,,,,,
https://instagram.com/natitys,,,,,,
https://instagram.com/noemiimy,,,,,,
https://instagram.com/hannahjlangford,,,,,,
https://instagram.com/katdogdesign,,,,,,
https://instagram.com/l.ittlemisshug,,,,,,
https://instagram.com/dunianalu,,,,,,
https://instagram.com/designermetin,,,,,,
https://instagram.com/chloett_atelier,,,,,,
https://instagram.com/nalani.jones.design,,,,,,
https://instagram.com/raspberry_whistle11,,,,,,
https://instagram.com/paigeblakeillustration,,,,,,
https://instagram.com/adoudinpatterns,,,,,,
https://instagram.com/rocellasorianox,,,,,,
https://instagram.com/farah.allegue,,,,,,
https://instagram.com/beadelarosa_,,,,,,
https://instagram.com/elenaromerodesign,,,,,,
https://instagram.com/sarah_biggs_design,,,,,,
https://instagram.com/studiomariterleski,,,,,,
https://instagram.com/aminacreate.patterns,,,,,,
https://instagram.com/designs_by_flo,,,,,,
https://instagram.com/samjayne_design,,,,,,
https://instagram.com/okala_vzla,,,,,,
https://instagram.com/bella.vitt_,,,,,,
https://instagram.com/mackenziekuck,,,,,,
https://instagram.com/dashaglasha_art,,,,,,
https://instagram.com/hotoffthepressdesign,,,,,,
https://instagram.com/anadjordjevic.me,,,,,,
https://instagram.com/_maryamsabry,,,,,,
https://instagram.com/svetlanalerie,,,,,,
https://instagram.com/estudioBlackfisk,,,,,,
https://instagram.com/jasmin.blooms.designs,,,,,,
https://instagram.com/sussecollection,,,,,,
https://instagram.com/bccreativity,,,,,,
https://instagram.com/al_kovalyova_design,,,,,,
https://instagram.com/victoriakelland_patterns,,,,,,
https://instagram.com/redcreativedesign,,,,,,
https://instagram.com/artbymonicakapur,,,,,,
https://instagram.com/snipesdesign,,,,,,
https://instagram.com/holavicze,,,,,,
https://instagram.com/papemonsoriu.art,,,,,,
https://instagram.com/mysooni_designer,,,,,,
https://instagram.com/annelyblooms,,,,,,
https://instagram.com/letsmolinares,,,,,,
https://instagram.com/miwa,,,,,,
https://instagram.com/vicky.comas,,,,,,
https://instagram.com/akuatextiles,,,,,,
https://instagram.com/karinavolbeta,,,,,,
https://instagram.com/valediaz.ilustracion,,,,,,
https://instagram.com/emilysundaydesigns,,,,,,
https://instagram.com/art_ieva_rudzite,,,,,,
https://instagram.com/nicolesnaiderman,,,,,,
https://instagram.com/manendesign,,,,,,
https://instagram.com/abbeylittlejohns,,,,,,
https://instagram.com/thuanygabrielle.art,,,,,,
https://instagram.com/pattern.athenaeum,,,,,,
https://instagram.com/carmenplaza.mx,,,,,,
https://instagram.com/c.hillmanillustration,,,,,,
https://instagram.com/jesteniasoutherland,,,,,,
https://instagram.com/stephaffanie,,,,,,
https://instagram.com/PrintedByRoxy,,,,,,
https://instagram.com/Sarah_metcalfe_design,,,,,,
https://instagram.com/monlienatelier,,,,,,
https://instagram.com/amelia_graham_print,,,,,,
https://instagram.com/Cocobloom_uk,,,,,,
https://instagram.com/amienmiltonart,,,,,,
https://instagram.com/anitaillustrates,,,,,,
https://instagram.com/durgamaibradley,,,,,,
https://instagram.com/moshitodesign,,,,,,
https://instagram.com/emma_graham_illustrations,,,,,,
https://instagram.com/creativeateliers,,,,,,
https://instagram.com/uxf_designs,,,,,,
https://instagram.com/poppiesanducks,,,,,,
https://instagram.com/jordansondler,,,,,,
https://instagram.com/printsbycloe,,,,,,
https://instagram.com/loyaltycottage,,,,,,
https://instagram.com/mona.textiledesign,,,,,,
https://instagram.com/elenyprints,,,,,,
https://instagram.com/urbanpatterndesigns,,,,,,
https://instagram.com/passion4artt,,,,,,
https://instagram.com/alexandrakfarmer,,,,,,
https://instagram.com/_pippa.and.i_,,,,,,
https://instagram.com/zonizom,,,,,,
https://instagram.com/cristina_sosa_ilustracion,,,,,,
https://instagram.com/cata_print,,,,,,
https://instagram.com/mirarts.studio,,,,,,
https://instagram.com/robertaforty,,,,,,
https://instagram.com/saltysirenstudios,,,,,,
https://instagram.com/byheart_design,,,,,,
https://instagram.com/gigirosado_illustration,,,,,,
https://instagram.com/120binc,,,,,,
https://instagram.com/jenniferlemondesigns,,,,,,
https://instagram.com/alejaramillo_studio,,,,,,
https://instagram.com/T_anne_j_creative,,,,,,
https://instagram.com/salo.demateicara,,,,,,
https://instagram.com/Luluandwadestudio,,,,,,
https://instagram.com/kropsiland,,,,,,
https://instagram.com/dmargotstudio,,,,,,
https://instagram.com/noorbloomstudio,,,,,,
https://instagram.com/bron_alexander,,,,,,
https://instagram.com/stephanygeiser,,,,,,
https://instagram.com/hollymaytextiles,,,,,,
https://instagram.com/pappenpop,,,,,,
https://instagram.com/_studiofantasy_,,,,,,
https://instagram.com/arteversaobeta,,,,,,
https://instagram.com/louisecunninghamillustration,,,,,,
https://instagram.com/chloelanger,,,,,,
https://instagram.com/moonup.studio,,,,,,
https://instagram.com/susannahleecutler,,,,,,
https://instagram.com/laurabrumana,,,,,,
https://instagram.com/laura.hamzic.design,,,,,,
https://instagram.com/dippitydonuts,,,,,,
https://instagram.com/lucrecia.caporale,,,,,,
https://instagram.com/figencantt,,,,,,
https://instagram.com/popicrea,,,,,,
https://instagram.com/designedbyemikli,,,,,,
https://instagram.com/lala_prints,,,,,,
https://instagram.com/golchehrehsadeghi,,,,,,
https://instagram.com/eucalyptroses,,,,,,
https://instagram.com/veritosi_,,,,,,
https://instagram.com/goldenmole_artworks,,,,,,
https://instagram.com/db_prints,,,,,,
https://instagram.com/michelmassih,,,,,,
https://instagram.com/miru_print,,,,,,
https://instagram.com/LaunieSpiral,,,,,,
https://instagram.com/kristinaforrestcreative,,,,,,
https://instagram.com/ritucipy,,,,,,
https://instagram.com/blanckslate,,,,,,
https://instagram.com/yomnazakariadesign/lo,,,,,,
https://instagram.com/alarcon_studio,,,,,,
https://instagram.com/designbycheyney,,,,,,
https://instagram.com/Enprint.in,,,,,,
https://instagram.com/zchromestudios,,,,,,
https://instagram.com/a_trace_of_design,,,,,,
https://instagram.com/siandowneydesigns,,,,,,
https://instagram.com/-,,,,,,
https://instagram.com/Tucandycrush,,,,,,
https://instagram.com/nataliaa.tello,,,,,,
https://instagram.com/Duti.design_ur_trendy_identity,,,,,,
https://instagram.com/ellajostudio,,,,,,
https://instagram.com/rosita.uricchio,,,,,,
https://instagram.com/karajayneartanddesign,,,,,,
https://instagram.com/annih_art,,,,,,
https://instagram.com/pariparistudio,,,,,,
https://instagram.com/lanni_studio,,,,,,
https://instagram.com/deamarianastasia,,,,,,
https://instagram.com/Amysaladesign,,,,,,
https://instagram.com/abigailbryanart,,,,,,
https://instagram.com/marie.le.moal,,,,,,
https://instagram.com/sandrahutterdesigns,,,,,,
https://instagram.com/muskaan_bhateja,,,,,,
https://instagram.com/daisymdesign,,,,,,
https://instagram.com/Maria_galybina,,,,,,
https://instagram.com/mirellabirella,,,,,,
https://instagram.com/thanafriel,,,,,,
https://instagram.com/dannie_hughes_design,,,,,,
https://instagram.com/nmmela.designs,,,,,,
https://instagram.com/deannestrangedesign,,,,,,
https://instagram.com/nykton,,,,,,
https://instagram.com/kshimodesigns,,,,,,
https://instagram.com/lemon_dessin,,,,,,
https://instagram.com/dishachandak,,,,,,
https://instagram.com/alexfoxley,,,,,,
https://instagram.com/laurapantony,,,,,,
https://instagram.com/ayranabarboza,,,,,,
https://instagram.com/Annanemone___,,,,,,
https://instagram.com/kirstenspatterns,,,,,,
https://instagram.com/iamtheastra,,,,,,
https://instagram.com/zolliecreative,,,,,,
https://instagram.com/daviddelander,,,,,,
https://instagram.com/suehalsteaddesigns,,,,,,
https://instagram.com/dianne_stark_creative,,,,,,
https://instagram.com/illustratoons,,,,,,
https://instagram.com/elizabethmurphydesigns,,,,,,
https://instagram.com/weitz1750,,,,,,
https://instagram.com/belac.reative,,,,,,
https://instagram.com/Katiegoldstone_design,,,,,,
https://instagram.com/naomiboyneillustration,,,,,,
https://instagram.com/andrabadea_illustration,,,,,,
https://instagram.com/georgietaylordesign,,,,,,
https://instagram.com/fabric_drawer,,,,,,
https://instagram.com/nancykouta.me,,,,,,
https://instagram.com/jianghuanxi2019,,,,,,
https://instagram.com/anna.stefanska.anna,,,,,,
https://instagram.com/mariaboydart,,,,,,
https://instagram.com/rachael.addis.artist,,,,,,
https://instagram.com/flower.print.design,,,,,,
https://instagram.com/loopyfuldesign,,,,,,
https://instagram.com/k.leyla.meg,,,,,,
https://instagram.com/riinaheinone,,,,,,
https://instagram.com/alex_jade_art,,,,,,
https://instagram.com/kaeselotti,,,,,,
https://instagram.com/peperinamagenta,,,,,,
https://instagram.com/lucieadlerstudio,,,,,,
https://instagram.com/brunarossi__,,,,,,
https://instagram.com/isabelle.dubois.milhiet,,,,,,
https://instagram.com/the_artsyfreeman,,,,,,
https://instagram.com/anali.dice,,,,,,
https://instagram.com/jolandakerttuli,,,,,,
https://instagram.com/monneeshka,,,,,,
https://instagram.com/xee_summer,,,,,,
https://instagram.com/mycreativeatelier,,,,,,
https://instagram.com/martincampi.prints,,,,,,
https://instagram.com/_bronwendesigns_,,,,,,
https://instagram.com/zotosdesign,,,,,,
https://instagram.com/andreaelias_estudio,,,,,,
https://instagram.com/Gabbyrios_design,,,,,,
https://instagram.com/palmerkdesigns,,,,,,
https://instagram.com/claudia.textiles,,,,,,
https://instagram.com/elpiskarathanasi,,,,,,
https://instagram.com/Katefrostdesign,,,,,,
https://instagram.com/karensuehiro,,,,,,
https://instagram.com/eleanor_patterns,,,,,,
https://instagram.com/vallaines.arte,,,,,,
https://instagram.com/branco_design,,,,,,
https://instagram.com/Alliconnerillustration,,,,,,
https://instagram.com/Fribbstrations,,,,,,
https://instagram.com/lucilla.condueelle,,,,,,
https://instagram.com/Suketchi-studio,,,,,,
https://instagram.com/the_flying_papaya,,,,,,
https://instagram.com/unblinkstudio,,,,,,
https://instagram.com/isataylor.studio,,,,,,
https://instagram.com/widyamuamalah,,,,,,
https://instagram.com/digndesigns,,,,,,
https://instagram.com/patternine,,,,,,
https://instagram.com/ccandelot,,,,,,
https://instagram.com/daphaniedenae,,,,,,
https://instagram.com/ts.illustration,,,,,,
https://instagram.com/antheadesignstudio,,,,,,
https://instagram.com/Rananiharika26,,,,,,
https://instagram.com/eyecatchwear,,,,,,
https://instagram.com/Lizay_Aryan,,,,,,
https://instagram.com/mai_aboucaya,,,,,,
https://instagram.com/nataliadubuisdesigns,,,,,,
https://instagram.com/missy.wildflower,,,,,,
https://instagram.com/rhsdcom_graziacavasino,,,,,,
https://instagram.com/dafne.designstudio,,,,,,
https://instagram.com/flowermoonstudio,,,,,,
https://instagram.com/_alcove_decor,,,,,,
https://instagram.com/whitestoneprintstudio,,,,,,
https://instagram.com/tara_k_illustration,,,,,,
https://instagram.com/CharisseMarei,,,,,,
https://instagram.com/studioalisonnolan,,,,,,
https://instagram.com/olgamieloszyk,,,,,,
https://instagram.com/taraelizabethstudio,,,,,,
https://instagram.com/carolmoreira.arte,,,,,,
https://instagram.com/thaonca,,,,,,
https://instagram.com/nadiawelch_textiledesign,,,,,,
https://instagram.com/fredalillyprints,,,,,,
https://instagram.com/rickmidlerstudios,,,,,,
https://instagram.com/Mearnsgraphics7,,,,,,
https://instagram.com/emberillustrates,,,,,,
https://instagram.com/itiha_art_world,,,,,,
https://instagram.com/Bethmorganstudio,,,,,,
https://instagram.com/lindsaymarsdenart,,,,,,
https://instagram.com/Studiomodink,,,,,,
https://instagram.com/annaagorandesign,,,,,,
https://instagram.com/Annelisjournaling,,,,,,
https://instagram.com/jacqueline__toal,,,,,,
https://instagram.com/trashionpattern,,,,,,
https://instagram.com/incomparable_vision111,,,,,,
https://instagram.com/liazawackidesign,,,,,,
https://instagram.com/ellastration_,,,,,,
https://instagram.com/Chelseamayillustrations,,,,,,
https://instagram.com/emjwalker,,,,,,
https://instagram.com/that.time.that,,,,,,
https://instagram.com/gabipiserchia,,,,,,
https://instagram.com/feralflowerdesignstudio,,,,,,
https://instagram.com/rumiramdesign,,,,,,
https://instagram.com/Negracalaca,,,,,,
https://instagram.com/robertapaolini.designer,,,,,,
https://instagram.com/evaontwerp,,,,,,
https://instagram.com/Amandagracedesign,,,,,,
https://instagram.com/menna_studio5,,,,,,
https://instagram.com/Elmaduerr.art,,,,,,
https://instagram.com/palindromeart,,,,,,
https://instagram.com/maryleneroy.artetillustration,,,,,,
https://instagram.com/franbragancastudio,,,,,,
https://instagram.com/riyakeera,,,,,,
https://instagram.com/mmddesigm,,,,,,
https://instagram.com/danielavargas.art,,,,,,
https://instagram.com/alejapetal,,,,,,
https://instagram.com/daicoutinho.biro,,,,,,
https://instagram.com/heartosoulart,,,,,,
https://instagram.com/speckle_n_stroke,,,,,,
https://instagram.com/lilapng,,,,,,
https://instagram.com/abey_print_studio,,,,,,
https://instagram.com/yvonnehartstudio,,,,,,
https://instagram.com/Raspberrybydimple,,,,,,
https://instagram.com/erinncapko_illustration,,,,,,
https://instagram.com/sneha_coloursoft,,,,,,
https://instagram.com/marcelagolis,,,,,,
https://instagram.com/niranjanamanidesign,,,,,,
https://instagram.com/thepapersushi,,,,,,
https://instagram.com/anacayana,,,,,,
https://instagram.com/blancaedesign,,,,,,
https://instagram.com/femketextiles,,,,,,
https://instagram.com/poppywillmotdesigns,,,,,,
https://instagram.com/karakellerdesigns,,,,,,
https://instagram.com/mimiko.designs,,,,,,
https://instagram.com/bebadesignss,,,,,,
https://instagram.com/claremartindesign,,,,,,
https://instagram.com/franzispeer,,,,,,
https://instagram.com/theinklingsoftess,,,,,,
https://instagram.com/jessicajane.illustration,,,,,,
https://instagram.com/karina.print,,,,,,
https://instagram.com/olivia.bertus,,,,,,
https://instagram.com/ateliermave,,,,,,
https://instagram.com/kimlambertdesigns,,,,,,
https://instagram.com/coelfenart,,,,,,
https://instagram.com/meganmetcalfstudio,,,,,,
https://instagram.com/Saraharnettstudio,,,,,,
https://instagram.com/cafelab_store,,,,,,
https://instagram.com/missjonesdraws,,,,,,
https://instagram.com/karenandmarisa,,,,,,
https://instagram.com/saracartmelldesign,,,,,,
https://instagram.com/jenniferladdhandmade,,,,,,
https://instagram.com/opeachyday,,,,,,
https://instagram.com/Joanna_Plucknett,,,,,,
https://instagram.com/lachanas.designs,,,,,,
https://instagram.com/september.sneha,,,,,,
https://instagram.com/katiepaynedesign,,,,,,
https://instagram.com/beernaert.liesbeth,,,,,,
https://instagram.com/tahliapaigetextiles,,,,,,
https://instagram.com/emiliecsimpson,,,,,,
https://instagram.com/vlm.artdesign.studio,,,,,,
https://instagram.com/sonabeam,,,,,,
https://instagram.com/mirja.mauno,,,,,,
https://instagram.com/cyriondesign,,,,,,
https://instagram.com/mikelle.makes,,,,,,
https://instagram.com/fullmistica.shop,,,,,,
https://instagram.com/thepatternroom,,,,,,
https://instagram.com/penelopevanhoorn_art,,,,,,
https://instagram.com/kristinknych,,,,,,
https://instagram.com/rajrana_art,,,,,,
https://instagram.com/tatjana_tscherepanov,,,,,,
https://instagram.com/ketikayo,,,,,,
https://instagram.com/mangomoondesignco,,,,,,
https://instagram.com/winkeltriple,,,,,,
https://instagram.com/mrs_hummingbird_design,,,,,,
https://instagram.com/hipshermel,,,,,,
https://instagram.com/Pragati_sharma_artist,,,,,,
https://instagram.com/typemonger,,,,,,
https://instagram.com/laurasasdi,,,,,,
https://instagram.com/biancapreisg,,,,,,
https://instagram.com/jessicawestwood.designs,,,,,,
https://instagram.com/izabellaniquito,,,,,,
https://instagram.com/aletheadail.design,,,,,,
https://instagram.com/melanieyeboah,,,,,,
https://instagram.com/rajrana_art,,,,,,
https://instagram.com/studiogenevievecreigh,,,,,,
https://instagram.com/lost_my_sketchbook,,,,,,
https://instagram.com/kristielynstudios,,,,,,
https://instagram.com/lagallery.art,,,,,,
https://instagram.com/elenaabeckett,,,,,,
https://instagram.com/margot_design,,,,,,
https://instagram.com/limonerostudio,,,,,,
https://instagram.com/mashalitvinova.design,,,,,,
https://instagram.com/kaseymelissa.art,,,,,,
https://instagram.com/jennifer.ann.design,,,,,,
https://instagram.com/cheryl.bruce.creativ.design,,,,,,
https://instagram.com/jmegjmeg,,,,,,
https://instagram.com/Vanessagrande.art,,,,,,
https://instagram.com/MegKingsburyDesign,,,,,,
https://instagram.com/ChalfinRandi,,,,,,
https://instagram.com/Whitepeony_design,,,,,,
https://instagram.com/magdalenawesolowskaart,,,,,,
https://instagram.com/freyatheillustrator,,,,,,
https://instagram.com/colorsofb,,,,,,
https://instagram.com/pauli_salmi_illustrations,,,,,,
https://instagram.com/marylounugent_handprinted,,,,,,
https://instagram.com/mini.magique.studio,,,,,,
https://instagram.com/mf_illustration,,,,,,
https://instagram.com/bmate.studio,,,,,,
https://instagram.com/colorvoyagedesigns,,,,,,
https://instagram.com/teaandkettledesigns,,,,,,
https://instagram.com/andreea.robescu,,,,,,
https://instagram.com/Galadream.designs,,,,,,
https://instagram.com/shvaikova.patterns,,,,,,
https://instagram.com/oliviaboutrou_illustration,,,,,,
https://instagram.com/mayciileighdesign,,,,,,
https://instagram.com/mariaemiliaestamparias,,,,,,
https://instagram.com/Botanica_pattern_designs,,,,,,
https://instagram.com/studio2cats,,,,,,
https://instagram.com/papillonpatterns,,,,,,
https://instagram.com/ali_p_art,,,,,,
https://instagram.com/emily_textilesyr4,,,,,,
https://instagram.com/Kasiags,,,,,,
https://instagram.com/chuda_wiedzma,,,,,,
https://instagram.com/Byjya_christina.j,,,,,,
https://instagram.com/lynne.m.adams,,,,,,
https://instagram.com/margauxdereume,,,,,,
https://instagram.com/stokelanetextiles,,,,,,
https://instagram.com/katerina_patapi,,,,,,
https://instagram.com/turquoisegem_home,,,,,,
https://instagram.com/adelinejuliebee,,,,,,
https://instagram.com/helene.blanc,,,,,,
https://instagram.com/Lindsay.boehl,,,,,,
https://instagram.com/asterandoaks,,,,,,
https://instagram.com/gabrielatornai_,,,,,,
https://instagram.com/juxtapo5e,,,,,,
https://instagram.com/ambersolbergmakery,,,,,,
https://instagram.com/federicopolucci,,,,,,
https://instagram.com/bryonymossmandesigns,,,,,,
https://instagram.com/Vivemma.design,,,,,,
https://instagram.com/Harakhpadudi,,,,,,
https://instagram.com/_ossido_,,,,,,
https://instagram.com/alloftheprints,,,,,,
https://instagram.com/Keergan_illustrates,,,,,,
https://instagram.com/helenbuchandesign,,,,,,
https://instagram.com/a_day_outside_,,,,,,
https://instagram.com/sphere_of_ambience,,,,,,
https://instagram.com/e.tdesigns,,,,,,
https://instagram.com/peonyrosedesign,,,,,,
https://instagram.com/mesadezign,,,,,,
https://instagram.com/anisillustration,,,,,,
https://instagram.com/mirelapopescu_design,,,,,,
https://instagram.com/ruusulampi,,,,,,
https://instagram.com/illustrations_by_zu,,,,,,
https://instagram.com/valevale_art,,,,,,
https://instagram.com/Susanthomascreative,,,,,,
https://instagram.com/bananapatternstudio,,,,,,
https://instagram.com/tillylakindesign,,,,,,
https://instagram.com/studiomummum,,,,,,
https://instagram.com/raakstudiouk,,,,,,
https://instagram.com/gubiller_,,,,,,
https://instagram.com/anca_popescu_draws,,,,,,
https://instagram.com/barnabetulio,,,,,,
https://instagram.com/ulrikajarldesign,,,,,,
https://instagram.com/prints.charming.studio,,,,,,
https://instagram.com/Lauraelizabeth_studio,,,,,,
https://instagram.com/ecuador.estampa,,,,,,
https://instagram.com/Oldsunnnnn,,,,,,
https://instagram.com/miriam_ortwed,,,,,,
https://instagram.com/therosenborgcompany,,,,,,
https://instagram.com/vanda_murasan,,,,,,
https://instagram.com/pattern_mate,,,,,,
https://instagram.com/rosebudstudio,,,,,,
https://instagram.com/mone.ceramics.art,,,,,,
https://instagram.com/suzanakish_designs,,,,,,
https://instagram.com/digicouture,,,,,,
https://instagram.com/claudiafasser,,,,,,
https://instagram.com/yvonnesgalleri_design,,,,,,
https://instagram.com/mberrytextiles,,,,,,
https://instagram.com/bluelela,,,,,,
https://instagram.com/yuhan.lo_drawing,,,,,,
https://instagram.com/magdalena_kapron_textile,,,,,,
https://instagram.com/mashakarpushina,,,,,,
https://instagram.com/artwistparis,,,,,,
https://instagram.com/aimeelaurdesign,,,,,,
https://instagram.com/applied_arts_studio,,,,,,
https://instagram.com/elle.rofe,,,,,,
https://instagram.com/rachel.may.illustrate,,,,,,
https://instagram.com/michellemurray1980,,,,,,
https://instagram.com/letterlinedesign,,,,,,
https://instagram.com/emmi.kerkham,,,,,,
https://instagram.com/stephaniefionadesign,,,,,,
https://instagram.com/emeraldprintstudio,,,,,,
https://instagram.com/jyotikaillustrates,,,,,,
https://instagram.com/victoriaverillo,,,,,,
https://instagram.com/suegentart,,,,,,
https://instagram.com/katrinesstrek,,,,,,
https://instagram.com/fiinkdesign,,,,,,
https://instagram.com/amanda_dilworth,,,,,,
https://instagram.com/valentinakornhauser,,,,,,
https://instagram.com/tragicallyindecisive,,,,,,
https://instagram.com/mikaela_karthik_design,,,,,,
https://instagram.com/Differing,,,,,,
https://instagram.com/immernochoktober,,,,,,
https://instagram.com/noble_signed,,,,,,
https://instagram.com/nasta.martyn33,,,,,,
https://instagram.com/bouchettedesign,,,,,,
https://instagram.com/Millystextiles,,,,,,
https://instagram.com/letmerepeatmyself,,,,,,
https://instagram.com/lhais.munhoz,,,,,,
https://instagram.com/jordanliepolt,,,,,,
https://instagram.com/beebarts,,,,,,
https://instagram.com/mirardibujar,,,,,,
https://instagram.com/madebytaye,,,,,,
https://instagram.com/Purplepirateco,,,,,,
https://instagram.com/cinnamonclouds.za,,,,,,
https://instagram.com/berenice.martin_,,,,,,
https://instagram.com/ateliermeikekohls,,,,,,
https://instagram.com/vivigualhanone.art,,,,,,
https://instagram.com/pmarie.creates,,,,,,
https://instagram.com/staceynovellidesigns,,,,,,
https://instagram.com/teto.doi,,,,,,
https://instagram.com/alexandrabordallo,,,,,,
https://instagram.com/indira_budh_atelier,,,,,,
https://instagram.com/guymegides,,,,,,
https://instagram.com/folk_pop studio,,,,,,
https://instagram.com/prajaktarao,,,,,,
https://instagram.com/floral_digital_patterns,,,,,,
https://instagram.com/webvillastudio,,,,,,
https://instagram.com/bataljart,,,,,,
https://instagram.com/pinkmoonprints,,,,,,
https://instagram.com/emmalawrencedesigns,,,,,,
https://instagram.com/fani.kokolaki,,,,,,
https://instagram.com/lzngrafik,,,,,,
https://instagram.com/joliodesign,,,,,,
https://instagram.com/Ryleydesigns,,,,,,
https://instagram.com/angela_sbandelli,,,,,,
https://instagram.com/Thepatternshine,,,,,,
https://instagram.com/_mascolorporfavor,,,,,,
https://instagram.com/alexandragalibert,,,,,,
https://instagram.com/pachibanez,,,,,,
https://instagram.com/atelieresopa,,,,,,
https://instagram.com/alisonmporter,,,,,,
https://instagram.com/mblochlaine,,,,,,
https://instagram.com/vihiboh,,,,,,
https://instagram.com/anelas_design_studio,,,,,,
https://instagram.com/Jennifer_geldard,,,,,,
https://instagram.com/enelbosqueencantado,,,,,,
https://instagram.com/vendelavrensk,,,,,,
https://instagram.com/vvisuals___,,,,,,
https://instagram.com/megauchenbachart,,,,,,
https://instagram.com/prunulus_sketch,,,,,,
https://instagram.com/mastura_khamro,,,,,,
https://instagram.com/mardi.art_,,,,,,
https://instagram.com/a.glorious.mess,,,,,,
https://instagram.com/digital_primitivism,,,,,,
https://instagram.com/mimisha_designstudio,,,,,,
https://instagram.com/studioebloom,,,,,,
https://instagram.com/hannahdw,,,,,,
https://instagram.com/noemimarozsan_designs,,,,,,
https://instagram.com/sisisshas,,,,,,
https://instagram.com/textureterry,,,,,,
https://instagram.com/tracyschifeling,,,,,,
https://instagram.com/marinamanova_brightdesigns,,,,,,
https://instagram.com/estudiodgp,,,,,,
https://instagram.com/clarelewisillustration,,,,,,
https://instagram.com/sawsaniskandir,,,,,,
https://instagram.com/pcamata,,,,,,
https://instagram.com/Ditsyfabric,,,,,,
https://instagram.com/merooseth,,,,,,
https://instagram.com/jellybean_studio,,,,,,
https://instagram.com/neco.hezkyho,,,,,,
https://instagram.com/Carolinabastosp,,,,,,
https://instagram.com/designsby_klm,,,,,,
https://instagram.com/geetaaiiprints,,,,,,
https://instagram.com/alexandragalibert,,,,,,
https://instagram.com/doodle_finch_designs,,,,,,
https://instagram.com/pure_pigment_designs,,,,,,
https://instagram.com/julianaglenda.dsgn,,,,,,
https://instagram.com/farnarts,,,,,,
https://instagram.com/siobhanelizabethcreates,,,,,,
https://instagram.com/Sweetsamdesigns,,,,,,
https://instagram.com/storigraphic,,,,,,
https://instagram.com/seapearl.pk,,,,,,
https://instagram.com/hannamoustudio,,,,,,
https://instagram.com/mmdecorbrand,,,,,,
https://instagram.com/menna_studio5,,,,,,
https://instagram.com/sisisshas,,,,,,
https://instagram.com/melindamouzannar,,,,,,
https://instagram.com/shan_pattern,,,,,,
https://instagram.com/naturally_antique,,,,,,
https://instagram.com/Merveacelebi,,,,,,
https://instagram.com/brookepalmerdesigns,,,,,,
https://instagram.com/allyshajprints,,,,,,
https://instagram.com/whelldesignstudio,,,,,,
https://instagram.com/bybharti.framer.website/projects/flora,,,,,,
https://instagram.com/ivywxtart,,,,,,
https://instagram.com/jesspattern,,,,,,
https://instagram.com/littlcrow.patterns,,,,,,
https://instagram.com/ganna_raichel_designs,,,,,,
https://instagram.com/Vanita.iyer,,,,,,
https://instagram.com/tugceasik.art,,,,,,
https://instagram.com/victoriakelland_patterns,,,,,,
https://instagram.com/heywawa___,,,,,,
https://instagram.com/fabiola.sesto,,,,,,
https://instagram.com/karismithdesigns,,,,,,
https://instagram.com/Art_shyamsreelahiri,,,,,,
https://instagram.com/annapaola_delnevo,,,,,,
https://instagram.com/osasere.designs,,,,,,
https://instagram.com/petraroje,,,,,,
https://instagram.com/sandrabcreative,,,,,,
https://instagram.com/clara.cottonets,,,,,,
https://instagram.com/mairinkareli,,,,,,
https://instagram.com/Debbieseftonart,,,,,,
https://instagram.com/selma_veerman,,,,,,
https://instagram.com/Vikram_g_ch,,,,,,
https://instagram.com/fosca_art_,,,,,,
https://instagram.com/lilly.platthepworthgmail.com,,,,,,
https://instagram.com/juliesoricellidesigns,,,,,,
https://instagram.com/michelepnoo,,,,,,
https://instagram.com/purubarnwal_official,,,,,,
https://instagram.com/tat_eastecho,,,,,,
https://instagram.com/shoriolia_art,,,,,,
https://instagram.com/avefelix_,,,,,,
https://instagram.com/None,,,,,,
https://instagram.com/illustrator.rudenska,,,,,,
https://instagram.com/DandymarkCreative,,,,,,
https://instagram.com/Strokes by sadia,,,,,,
https://instagram.com/Tracychurchillartist,,,,,,
https://instagram.com/Ellodesignab,,,,,,
https://instagram.com/Ellodesignab,,,,,,
https://instagram.com/dressedbypoetry,,,,,,
https://instagram.com/Bothainahart,,,,,,
https://instagram.com/pepejimenezv,,,,,,
https://instagram.com/mirandaestevezprints,,,,,,
https://instagram.com/florenciapane,,,,,,
https://instagram.com/Andrea.muart,,,,,,
https://instagram.com/medillonstudio,,,,,,
https://instagram.com/dorailustra,,,,,,
https://instagram.com/cmilustraciones,,,,,,
https://instagram.com/youflowerme,,,,,,
https://instagram.com/qousqoza7,,,,,,
https://instagram.com/thaismarsoli,,,,,,
https://instagram.com/theprintstale_patterndesigner,,,,,,
https://instagram.com/Valentin_vpv,,,,,,
https://instagram.com/Jacqui_ponytaildesigns,,,,,,
https://instagram.com/marinasotole,,,,,,
https://instagram.com/fran.illus,,,,,,
https://instagram.com/I_anumta,,,,,,
https://instagram.com/carinabranz.arte,,,,,,
https://instagram.com/jackiebtextiles,,,,,,
https://instagram.com/juliekuberski,,,,,,
https://instagram.com/elianadeluca.estampas,,,,,,
https://instagram.com/julianavido,,,,,,
https://instagram.com/occhiovunque,,,,,,
https://instagram.com/s.n_pattern_designs,,,,,,
https://instagram.com/andrebalest.art,,,,,,
https://instagram.com/anna_bencic,,,,,,
https://instagram.com/danielbevisdesign,,,,,,
https://instagram.com/yeva.designer,,,,,,
https://instagram.com/gerdiaz.designer,,,,,,
https://instagram.com/snadiacreations,,,,,,
https://instagram.com/oakabeedesign,,,,,,
https://instagram.com/josie.bel,,,,,,
https://instagram.com/mast_design,,,,,,
https://instagram.com/a.karinaillustration,,,,,,
https://instagram.com/minimalisyic.patterns,,,,,,
https://instagram.com/lovelybillydesigns,,,,,,
https://instagram.com/maksin_priestess,,,,,,
https://instagram.com/05_anukriti,,,,,,
https://instagram.com/Petleypatterns,,,,,,
https://instagram.com/rociofatas_estampados,,,,,,
https://instagram.com/chloeturnerdesigns,,,,,,
https://instagram.com/Ivylemonstudio,,,,,,
https://instagram.com/Lydia art world,,,,,,
https://instagram.com/pilarsart19,,,,,,
https://instagram.com/guylainecharlebois,,,,,,
https://instagram.com/shreyagoyaldesigns,,,,,,
https://instagram.com/ateliermave,,,,,,
https://instagram.com/myown_mess,,,,,,
https://instagram.com/ashishchauhan0991,,,,,,
https://instagram.com/kellyrideoutdesign,,,,,,
https://instagram.com/sukimcmaster,,,,,,
https://instagram.com/ichajayanti.id,,,,,,
https://instagram.com/Illustrationsbywasama,,,,,,
https://instagram.com/stephanie_langevin,,,,,,
https://instagram.com/astro.oartsy,,,,,,
https://instagram.com/db_prints,,,,,,
https://instagram.com/Usman Jamshed,,,,,,
https://instagram.com/_luzlagrange_,,,,,,
https://instagram.com/juliekuberski,,,,,,
https://instagram.com/aqilarch,,,,,,
https://instagram.com/beauportions,,,,,,
https://instagram.com/mamacorp_,,,,,,
https://instagram.com/heidivilkmanartist,,,,,,
https://instagram.com/sonia.60.saunders_art,,,,,,
https://instagram.com/insvy_designstudio,,,,,,
https://instagram.com/WanderingModa,,,,,,
https://instagram.com/sajee_artandpatterns,,,,,,
https://instagram.com/Giulielab,,,,,,
https://instagram.com/artbybea_,,,,,,
https://instagram.com/juliebe.design,,,,,,
https://instagram.com/staceynovellidesigns,,,,,,
https://instagram.com/a.d.r.i.valenzuela,,,,,,
https://instagram.com/Gigigaia.kids,,,,,,
https://instagram.com/saarakurkela_com,,,,,,
https://instagram.com/shirabentley,,,,,,
https://instagram.com/clementejulii,,,,,,
https://instagram.com/francesca.graphiclab,,,,,,
https://instagram.com/mateo_vari,,,,,,
https://instagram.com/_marsuarez_,,,,,,
https://instagram.com/amandaroosevelt,,,,,,
https://instagram.com/nientediserio_crea,,,,,,
https://instagram.com/The.pattern.girl,,,,,,
https://instagram.com/sites.google.com/view/halaenoor/seamless-patterns/ideas-by-gulahmed,,,,,,
https://instagram.com/cassidyraemarietta,,,,,,
https://instagram.com/__r.u.t.i.k.a__,,,,,,
https://instagram.com/original_veronica_perez,,,,,,
https://instagram.com/zaba.creative,,,,,,
https://instagram.com/illustriousstar_studio,,,,,,
https://instagram.com/chirag.textiledesign,,,,,,
https://instagram.com/cottontopia,,,,,,
https://instagram.com/saskianaf,,,,,,
https://instagram.com/stateofmindoriginal,,,,,,
https://instagram.com/abraham_obbannii,,,,,,
https://instagram.com/fashiondoodles,,,,,,
https://instagram.com/moonchild_artstudio,,,,,,
https://instagram.com/alicepurlstudio,,,,,,
https://instagram.com/print.aurapk,,,,,,
https://instagram.com/fur_you_au,,,,,,
https://instagram.com/Texstyle Muse,,,,,,
https://instagram.com/Moonchilddoms,,,,,,
https://instagram.com/textile_by_maryam,,,,,,
https://instagram.com/Hannahbeisang,,,,,,
https://instagram.com/Golden_heart_illustration,,,,,,
https://instagram.com/mariavallmostudio,,,,,,
https://instagram.com/veritylowry,,,,,,
https://instagram.com/Kekoolie,,,,,,
https://instagram.com/Kali_patternstudio,,,,,,
https://instagram.com/glitdesign,,,,,,
https://instagram.com/melodimog,,,,,,
https://instagram.com/Aspenandbeeco,,,,,,
https://instagram.com/prisca_priano,,,,,,
https://instagram.com/heya.designsco,,,,,,
https://instagram.com/italiangirlingeorgia,,,,,,
https://instagram.com/Jewelstoware,,,,,,
https://instagram.com/dyes_happy,,,,,,
https://instagram.com/cesartorresphotography,,,,,,
https://instagram.com/julianaporto.designer,,,,,,
https://instagram.com/_lucianawandelow_,,,,,,
https://instagram.com/delialeon_illustration,,,,,,
https://instagram.com/dirlenisdesign,,,,,,
https://instagram.com/axelledesign.fr,,,,,,
https://instagram.com/pretty_the_patterns,,,,,,
https://instagram.com/10vir_shaikh,,,,,,
https://instagram.com/textilebakery,,,,,,
https://instagram.com/estampasdamarcela,,,,,,
https://instagram.com/veritylowry,,,,,,
https://instagram.com/ninanedesign,,,,,,
https://instagram.com/I_anumta,,,,,,
https://instagram.com/Elena_scarlata_studio,,,,,,
https://instagram.com/theprintstale_patterndesigner,,,,,,
https://instagram.com/Elio studio. Design,,,,,,
https://instagram.com/emilyblack_designs,,,,,,
https://instagram.com/vera.holera,,,,,,
https://instagram.com/rina.mroy,,,,,,
https://instagram.com/paolapaganoofficial,,,,,,
https://instagram.com/ameriyadesign,,,,,,
https://instagram.com/juanibengali.art,,,,,,
https://instagram.com/Stavrina_art_lab,,,,,,
https://instagram.com/andreal.printsstudio,,,,,,
https://instagram.com/althea___studio,,,,,,
https://instagram.com/sey.about.skin,,,,,,
https://instagram.com/yaninaimperiale puramanideas,,,,,,
https://instagram.com/tonia_tkach,,,,,,
https://instagram.com/julietabesse.studio,,,,,,
https://instagram.com/textilebakery,,,,,,
https://instagram.com/raulvazquezart studioraulvazquez,,,,,,
https://instagram.com/burkedesignla,,,,,,
https://instagram.com/_selfcornered_,,,,,,
https://instagram.com/dbayramoglu,,,,,,
https://instagram.com/fmctaggart,,,,,,
https://instagram.com/edenstudio42,,,,,,
https://instagram.com/Rosalia_prints,,,,,,
https://instagram.com/heywawa___,,,,,,
https://instagram.com/moniquemoranstudio,,,,,,
https://instagram.com/aliciahayesart,,,,,,
https://instagram.com/rina.mroy,,,,,,
https://instagram.com/leavesinlines,,,,,,
https://instagram.com/anzela_simcock,,,,,,
https://instagram.com/az_studio11,,,,,,
https://instagram.com/marianarmorgado.com,,,,,,
https://instagram.com/sabinawgustrin,,,,,,
https://instagram.com/kellyrideoutdesign,,,,,,
https://instagram.com/sonia.60.saunders_art,,,,,,
https://instagram.com/bymartioska,,,,,,
https://instagram.com/happyfarrowdesigns,,,,,,
https://instagram.com/studioottilin,,,,,,
https://instagram.com/sabethelberse_studio,,,,,,
https://instagram.com/chloett_atelier,,,,,,
https://instagram.com/Patriciartes,,,,,,
https://instagram.com/Saeideh.design,,,,,,
https://instagram.com/TOPALELİFSUDE,,,,,,
https://instagram.com/michal.gorelick.design,,,,,,
https://instagram.com/see.su.patterns,,,,,,
https://instagram.com/mariaflore.design,,,,,,
https://instagram.com/ckf_design_studio,,,,,,
https://instagram.com/glitdesign,,,,,,
https://instagram.com/selinyilan__________________________,,,,,,
https://instagram.com/jasminegoodwindesigns,,,,,,
https://instagram.com/topalelifsude,,,,,,
https://instagram.com/Arfan_syakh (myprofile),,,,,,
https://instagram.com/curiouscreativesoul,,,,,,
https://instagram.com/beachsidedesigns.com_oc,,,,,,
https://instagram.com/lilacbloomsdesigns,,,,,,
https://instagram.com/designingintegrity.integrity,,,,,,
https://instagram.com/Rosalia_prints,,,,,,
https://instagram.com/emdoodles.co,,,,,,
https://instagram.com/sariel_studio,,,,,,
https://instagram.com/katerina_patapi,,,,,,
https://instagram.com/Carol.designerdeestampas,,,,,,
https://instagram.com/gsmpaper,,,,,,
https://instagram.com/studiomodink,,,,,,
https://instagram.com/allisonblackillustration,,,,,,
https://instagram.com/mikka.sole,,,,,,
https://instagram.com/shaheendesigns,,,,,,
https://instagram.com/sashkovna_ya,,,,,,
https://instagram.com/lundi_segni,,,,,,
https://instagram.com/hiprintdesign,,,,,,
https://instagram.com/Jemma_trickett.design,,,,,,
https://instagram.com/Textilesbyellie,,,,,,
https://instagram.com/deepthishenoi,,,,,,
https://instagram.com/danielegaube,,,,,,
https://instagram.com/dandymarkcreative,,,,,,
https://instagram.com/sarisoeriawinata,,,,,,
https://instagram.com/virginialandro,,,,,,
https://instagram.com/adinadedu.textiledesign,,,,,,
https://instagram.com/Canyonhousetextiles,,,,,,
https://instagram.com/phuong.nary.ngo,,,,,,
https://instagram.com/sandrabcreative,,,,,,
https://instagram.com/juanibengali.art,,,,,,
https://instagram.com/VictoriaKelland_patterns,,,,,,
https://instagram.com/Borumprint,,,,,,
https://instagram.com/9art_studio,,,,,,
https://instagram.com/damceska,,,,,,
https://instagram.com/carlamanso,,,,,,
https://instagram.com/gleicilealdesigner,,,,,,
https://instagram.com/Kekoolie,,,,,,
https://instagram.com/simona.ferrero_pattern,,,,,,
https://instagram.com/maribustudio_,,,,,,
https://instagram.com/silvia_gariglio_illustrator,,,,,,
https://instagram.com/terra_logos_studio,,,,,,
https://instagram.com/suchidebdesigns,,,,,,
https://instagram.com/Tehreem.naz24,,,,,,
https://instagram.com/the.gaudy.lady7,,,,,,
https://instagram.com/Readz.Designz,,,,,,
https://instagram.com/aimeelaurdesign,,,,,,
https://instagram.com/ameliafletchertextiles,,,,,,
https://instagram.com/Textilesbyellie,,,,,,
https://instagram.com/madebytaye,,,,,,
https://instagram.com/thewaterlily_textiles,,,,,,
https://instagram.com/launiespiral,,,,,,
https://instagram.com/hannah.lee_textiles,,,,,,
https://instagram.com/courtneygrabendesigns,,,,,,
https://instagram.com/Jessicalrtextiles,,,,,,
https://instagram.com/Laurenwtextiles,,,,,,
https://instagram.com/bianca.u_textiles,,,,,,
https://instagram.com/amesnewtondesigns,,,,,,
https://instagram.com/olivetilly_textiles,,,,,,
https://instagram.com/thaonca,,,,,,
https://instagram.com/missrabbitsews,,,,,,
https://instagram.com/michelle_kral,,,,,,
https://instagram.com/textilesbyalicee,,,,,,
https://instagram.com/jenwardletextiles,,,,,,
https://instagram.com/saramazorra,,,,,,
https://instagram.com/empatterns,,,,,,
https://instagram.com/hannahburragetextiles,,,,,,
https://instagram.com/Ellafelgatedesign,,,,,,
https://instagram.com/lucygroundsfolio,,,,,,
https://instagram.com/Isabella_sheridan_textiles,,,,,,
https://instagram.com/kerfuffy,,,,,,
https://instagram.com/natalia_firsova,,,,,,
https://instagram.com/amreacedesign,,,,,,
https://instagram.com/niamhhannahart,,,,,,
https://instagram.com/lauramaycroft.design,,,,,,
https://instagram.com/liz.textiles,,,,,,
https://instagram.com/lexie_grace.textiles,,,,,,
https://instagram.com/designs_n_fibers,,,,,,
https://instagram.com/tm_design25,,,,,,
https://instagram.com/zoesymonsdesign,,,,,,
https://instagram.com/rebeccafrostillustration,,,,,,
https://instagram.com/milliespencerdesigns,,,,,,
https://instagram.com/a.i.textiles,,,,,,
https://instagram.com/zanilatimerart,,,,,,
https://instagram.com/karisdevontextiles,,,,,,
https://instagram.com/charlottebeaton.designs,,,,,,
https://instagram.com/morningmusedesigns.co,,,,,,
https://instagram.com/Julieillustrationstudio,,,,,,
https://instagram.com/veronicaver.illustrator,,,,,,
https://instagram.com/darceenorton.design,,,,,,
https://instagram.com/the_print_journey_by_ritika,,,,,,
https://instagram.com/kaila.art13,,,,,,
https://instagram.com/Charlottehawesdesign,,,,,,
https://instagram.com/Brookepalmerdesigns,,,,,,
https://instagram.com/Alaakhattab33,,,,,,
https://instagram.com/pete.mcallen,,,,,,
https://instagram.com/scrappily_ever_after,,,,,,
https://instagram.com/Jemadelledesigns,,,,,,
https://instagram.com/thesixthhousedesigns,,,,,,
https://instagram.com/suprithasartjourney,,,,,,
https://instagram.com/Creativeseriesbyss,,,,,,
https://instagram.com/Emilyxtextiles,,,,,,
https://instagram.com/robynbrookestudio,,,,,,
https://instagram.com/aparajitasuresh,,,,,,
https://instagram.com/aparajitasuresh,,,,,,
https://instagram.com/hewitt.art_,,,,,,
https://instagram.com/yasmin_designs1,,,,,,
https://instagram.com/kidfia,,,,,,
https://instagram.com/yao_hg,,,,,,
https://instagram.com/thelurebyhadia,,,,,,
https://instagram.com/simoneinez.illu,,,,,,
https://instagram.com/-,,,,,,
https://instagram.com/Non,,,,,,
https://instagram.com/sanikab.textiles,,,,,,
https://instagram.com/Hewitt.Art_,,,,,,
https://instagram.com/Millystextiles,,,,,,
https://instagram.com/N/A,,,,,,
https://instagram.com/sg.docworkspace.com/d/sIMbXjLugAcbOmsYG,,,,,,
https://instagram.com/lyds.prints,,,,,,
https://instagram.com/chloemckennatextiles,,,,,,
https://instagram.com/embriao_estudio_,,,,,,
https://instagram.com/visual.eavesdropper,,,,,,
https://instagram.com/chirag.textiledesign,,,,,,
https://instagram.com/Only have a website,,,,,,
https://instagram.com/irynamushkarova,,,,,,
https://instagram.com/r_hernandez_textiles,,,,,,
https://instagram.com/Miancollection23,,,,,,
https://instagram.com/lexagalbi,,,,,,
https://instagram.com/Jemma_trickett.design,,,,,,
https://instagram.com/ArtilyDesignsOfficial,,,,,,
https://instagram.com/alma_otreus_design,,,,,,
https://instagram.com/Jemma_trickett.design,,,,,,
https://instagram.com/mnnkshi,,,,,,
https://instagram.com/nataliyagreen.studio,,,,,,
https://instagram.com/dj.surface_pattern_designing,,,,,,
https://instagram.com/katiefinn.designs,,,,,,
https://instagram.com/pretentiousartiststel,,,,,,